City_ID,City,Country,Lat,Lng,Max Temp,Humidity,Cloudiness,Wind Speed,Current Description,Rain (inches),Snow (inches)
0,ushuaia,AR,-54.8,-68.3,35.26,60,0,8.05,clear sky,0.0,0.0
1,mataura,NZ,-46.1927,168.8643,48.47,98,100,4.83,light rain,0.86,0.0
2,trelew,AR,-43.249,-65.3051,37.96,51,2,14.76,clear sky,0.0,0.0
3,hobyo,SO,5.3505,48.5268,80.83,65,77,30.76,broken clouds,0.0,0.0
4,talavera de la reina,ES,39.9635,-4.8308,99.88,10,8,3.0,clear sky,0.0,0.0
5,tuatapere,NZ,-46.1333,167.6833,47.25,94,100,6.91,light rain,0.44,0.0
6,rikitea,PF,-23.1203,-134.9692,73.94,78,95,11.81,light rain,0.22,0.0
7,strezhevoy,RU,60.7333,77.5889,64.81,58,90,8.03,overcast clouds,0.0,0.0
8,caucaia,BR,-3.7361,-38.6531,79.03,63,20,16.11,few clouds,0.0,0.0
9,chicama,PE,-7.8447,-79.1469,57.74,86,80,4.09,broken clouds,0.0,0.0
10,muros,ES,42.7762,-9.0603,78.67,76,16,9.78,few clouds,0.0,0.0
11,mukhen,RU,48.1,136.1,58.86,97,95,3.78,overcast clouds,0.0,0.0
12,shakhtinsk,KZ,49.71,72.5872,77.58,39,95,10.0,overcast clouds,0.0,0.0
13,hobart,AU,-42.8794,147.3294,41.25,83,75,8.05,broken clouds,0.0,0.0
14,necochea,AR,-38.5473,-58.7368,46.98,56,4,16.44,clear sky,0.0,0.0
15,nalvo,PH,16.8096,120.5108,74.32,97,100,0.83,heavy intensity rain,6.48,0.0
16,hermanus,ZA,-34.4187,19.2345,56.8,86,64,4.94,broken clouds,0.0,0.0
17,castro,BR,-24.7911,-50.0119,55.6,96,100,5.03,overcast clouds,0.0,0.0
18,sabzevar,IR,36.2126,57.6819,103.28,8,0,9.22,clear sky,0.0,0.0
19,abha,SA,18.2164,42.5053,85.82,21,40,19.57,scattered clouds,0.0,0.0
20,namibe,AO,-15.1961,12.1522,72.37,66,13,8.95,few clouds,0.0,0.0
21,rolante,BR,-29.6506,-50.5758,55.65,76,0,2.26,clear sky,0.0,0.0
22,morehead,US,37.2711,-87.1764,70.99,97,100,0.0,overcast clouds,0.0,0.0
23,nago,JP,26.5881,127.9761,84.63,88,100,13.6,overcast clouds,0.0,0.0
24,kodiak,US,57.79,-152.4072,56.71,62,100,11.5,overcast clouds,0.0,0.0
25,klaksvik,FO,62.2266,-6.589,54.52,86,83,2.82,broken clouds,0.0,0.0
26,bredasdorp,ZA,-34.5322,20.0403,59.31,81,27,10.45,light rain,0.11,0.0
27,yellowknife,CA,62.456,-114.3525,59.56,88,75,6.91,broken clouds,0.0,0.0
28,ancud,CL,-41.8697,-73.8203,41.23,73,88,4.16,overcast clouds,0.0,0.0
29,kapaa,US,22.0752,-159.319,79.12,80,100,14.97,overcast clouds,0.0,0.0
30,vila velha,BR,-20.3297,-40.2925,69.94,83,40,0.0,scattered clouds,0.0,0.0
31,khash,IR,28.2211,61.2158,98.85,8,36,16.64,scattered clouds,0.0,0.0
32,clyde river,CA,70.4692,-68.5914,37.63,87,0,9.22,clear sky,0.0,0.0
33,dikson,RU,73.5069,80.5464,46.65,69,8,10.25,clear sky,0.0,0.0
34,mon,IN,26.75,95.1,76.96,96,58,0.85,broken clouds,0.0,0.0
35,albany,US,42.6001,-73.9662,73.17,88,100,2.89,light rain,0.78,0.0
36,santa rosa,PH,14.3122,121.1114,80.58,87,95,3.24,heavy intensity rain,4.34,0.0
37,longyearbyen,SJ,78.2186,15.6401,53.44,62,40,14.97,scattered clouds,0.0,0.0
38,odweyne,SO,9.4092,45.064,85.6,33,54,25.46,broken clouds,0.0,0.0
39,khatanga,RU,71.9667,102.5,61.81,57,98,6.93,overcast clouds,0.0,0.0
40,tasiilaq,GL,65.6145,-37.6368,51.96,84,96,5.82,overcast clouds,0.0,0.0
41,kloulklubed,PW,7.0419,134.2556,77.5,75,100,4.5,overcast clouds,0.0,0.0
42,baisha,CN,26.5222,110.9311,77.7,97,100,2.55,light rain,0.75,0.0
43,vaini,TO,-21.2,-175.2,73.56,94,20,10.36,few clouds,0.0,0.0
44,college,US,64.8569,-147.8028,57.18,82,75,6.91,broken clouds,0.0,0.0
45,karasjok,NO,69.4719,25.5112,63.0,67,100,11.16,overcast clouds,0.0,0.0
46,upernavik,GL,72.7868,-56.1549,39.61,85,100,4.21,overcast clouds,0.0,0.0
47,carballo,ES,43.213,-8.691,81.91,61,43,6.02,scattered clouds,0.0,0.0
48,laguna,US,38.421,-121.4238,76.32,57,0,5.75,clear sky,0.0,0.0
49,berlevag,NO,70.8578,29.0864,67.8,82,20,13.8,few clouds,0.0,0.0
50,kalmunai,LK,7.4167,81.8167,84.38,72,87,9.71,overcast clouds,0.0,0.0
51,hami,CN,42.8,93.45,95.76,11,14,3.65,few clouds,0.0,0.0
52,thompson,CA,55.7435,-97.8558,55.56,100,100,4.61,overcast clouds,0.0,0.0
53,teya,RU,60.3778,92.6267,59.23,95,100,8.5,light rain,0.31,0.0
54,avarua,CK,-21.2078,-159.775,71.65,78,20,4.61,few clouds,0.0,0.0
55,constitucion,CL,-35.3333,-72.4167,47.12,89,88,6.15,overcast clouds,0.0,0.0
56,faya,SA,18.3851,42.4509,86.11,20,49,13.22,scattered clouds,0.0,0.0
57,isangel,VU,-19.55,169.2667,75.79,89,30,13.56,scattered clouds,0.0,0.0
58,cape town,ZA,-33.9258,18.4232,64.11,84,75,10.36,broken clouds,0.0,0.0
59,sola,VU,-13.8833,167.55,80.51,79,50,19.66,scattered clouds,0.0,0.0
60,fare,PF,-16.7,-151.0167,76.57,67,41,11.21,scattered clouds,0.0,0.0
61,cabo san lucas,MX,22.8909,-109.9124,84.51,66,0,6.91,clear sky,0.0,0.0
62,halden,NO,59.1226,11.3871,70.63,64,100,12.93,overcast clouds,0.0,0.0
63,lazo,RU,43.3817,133.9014,61.39,98,81,1.88,broken clouds,0.0,0.0
64,busselton,AU,-33.65,115.3333,55.94,81,87,8.95,overcast clouds,0.0,0.0
65,la tuque,CA,47.4334,-72.7824,62.85,94,31,1.14,scattered clouds,0.0,0.0
66,ossora,RU,59.2353,163.0719,56.35,93,100,4.38,overcast clouds,0.0,0.0
67,itarema,BR,-2.9248,-39.9167,81.1,61,8,17.47,clear sky,0.0,0.0
68,darhan,MN,49.4867,105.9228,80.85,41,45,2.8,scattered clouds,0.0,0.0
69,soyo,AO,-6.1349,12.3689,75.81,70,93,7.29,overcast clouds,0.0,0.0
70,rocha,UY,-34.4833,-54.3333,43.81,75,8,8.68,clear sky,0.0,0.0
71,saint-philippe,RE,-21.3585,55.7679,72.99,74,91,18.77,overcast clouds,0.0,0.0
72,los algarrobos,PA,8.5,-82.4333,73.81,100,40,1.14,scattered clouds,0.0,0.0
73,hovd,MN,48.0056,91.6419,77.18,24,80,17.94,broken clouds,0.0,0.0
74,alihe,CN,50.5667,123.7167,66.43,92,93,1.1,overcast clouds,0.0,0.0
75,emmett,US,43.8735,-116.4993,71.17,46,2,1.54,clear sky,0.0,0.0
76,yazman,PK,29.1212,71.7446,99.37,41,58,2.15,broken clouds,0.0,0.0
77,rawson,AR,-43.3002,-65.1023,39.06,53,6,19.24,clear sky,0.0,0.0
78,kodinsk,RU,58.6881,99.1844,60.19,97,100,4.54,moderate rain,1.85,0.0
79,punta alta,AR,-38.8759,-62.0736,43.66,66,9,14.88,clear sky,0.0,0.0
80,cherskiy,RU,68.75,161.3,38.98,68,30,2.53,scattered clouds,0.0,0.0
81,carnarvon,AU,-24.8667,113.6333,66.76,64,0,12.41,clear sky,0.0,0.0
82,disna,BY,55.568,28.1971,65.1,60,98,8.66,overcast clouds,0.0,0.0
83,cairns,AU,-16.9167,145.7667,67.95,73,11,10.36,few clouds,0.0,0.0
84,te anau,NZ,-45.4167,167.7167,47.05,93,100,1.9,moderate rain,1.68,0.0
85,nishihara,JP,26.1842,127.7558,83.86,89,75,13.8,broken clouds,0.0,0.0
86,fortuna,US,40.5982,-124.1573,50.99,88,15,2.57,few clouds,0.0,0.0
87,tucuman,AR,-26.8241,-65.2226,35.6,87,0,8.05,clear sky,0.0,0.0
88,port alfred,ZA,-33.5906,26.891,73.18,50,3,1.99,clear sky,0.0,0.0
89,bethel,US,41.3712,-73.414,75.51,93,100,3.44,mist,0.0,0.0
90,boditi,ET,6.9667,37.8667,68.13,60,89,9.08,overcast clouds,0.0,0.0
91,puerto ayora,EC,-0.7393,-90.3518,66.54,97,96,5.01,overcast clouds,0.0,0.0
92,geraldton,AU,-28.7667,114.6,54.01,87,18,4.61,few clouds,0.0,0.0
93,saint-pierre,RE,-21.3393,55.4781,73.08,63,0,35.68,clear sky,0.0,0.0
94,atuona,PF,-9.8,-139.0333,77.56,68,7,19.35,clear sky,0.0,0.0
95,walvis bay,NA,-22.9575,14.5053,77.83,29,3,11.95,clear sky,0.0,0.0
96,nueva gerona,CU,21.8833,-82.8,82.63,72,10,6.62,clear sky,0.0,0.0
97,nelson bay,AU,-32.7167,152.15,55.99,63,17,8.01,few clouds,0.0,0.0
98,griffith,US,41.5284,-87.4237,71.89,92,100,3.44,overcast clouds,0.0,0.0
99,saskylakh,RU,71.9167,114.0833,56.14,58,99,12.75,overcast clouds,0.0,0.0
100,lasa,IT,46.6166,10.7002,86.88,30,3,2.55,clear sky,0.0,0.0
101,salalah,OM,17.0151,54.0924,80.69,89,100,12.66,overcast clouds,0.0,0.0
102,hilo,US,19.7297,-155.09,80.28,97,100,1.01,light rain,0.25,0.0
103,elizabethtown,US,37.694,-85.8591,70.12,98,100,8.05,fog,0.0,0.0
104,barrow,US,71.2906,-156.7887,37.42,93,100,17.27,fog,0.0,0.0
105,port hedland,AU,-20.3167,118.5667,64.45,77,1,6.91,clear sky,0.0,0.0
106,mar del plata,AR,-38.0023,-57.5575,46.87,72,0,11.5,clear sky,0.0,0.0
107,ponta delgada,PT,37.7333,-25.6667,72.32,94,40,13.8,scattered clouds,0.0,0.0
108,chokurdakh,RU,70.6333,147.9167,51.12,52,94,8.12,overcast clouds,0.0,0.0
109,hambantota,LK,6.1241,81.1185,91.74,62,20,13.8,few clouds,0.0,0.0
110,dandong,CN,40.1292,124.3947,72.32,90,39,1.48,scattered clouds,0.0,0.0
111,qaanaaq,GL,77.484,-69.3632,42.62,66,85,6.33,overcast clouds,0.0,0.0
112,rusape,ZW,-18.5278,32.1284,62.22,49,68,1.48,broken clouds,0.0,0.0
113,chuy,UY,-33.6971,-53.4616,42.73,83,2,7.81,clear sky,0.0,0.0
114,fukue,JP,32.6881,128.8419,81.55,85,100,22.12,light rain,0.44,0.0
115,nikolskoye,RU,59.7035,30.7861,64.87,73,85,8.19,overcast clouds,0.0,0.0
116,nuuk,GL,64.1835,-51.7216,48.81,87,75,1.14,broken clouds,0.0,0.0
117,xichang,CN,27.8964,102.2634,73.9,86,96,1.92,overcast clouds,0.0,0.0
118,lebu,CL,-37.6167,-73.65,41.4,83,16,5.84,few clouds,0.0,0.0
119,hithadhoo,MV,-0.6,73.0833,81.27,73,100,14.83,overcast clouds,0.0,0.0
120,punta arenas,CL,-53.15,-70.9167,35.71,75,20,25.32,few clouds,0.0,0.0
121,hrubieszow,PL,50.805,23.8925,71.58,43,66,11.18,broken clouds,0.0,0.0
122,souillac,MU,-20.5167,57.5167,71.98,60,40,23.02,light rain,0.12,0.0
123,cockburn town,TC,21.4612,-71.1419,81.12,80,0,19.33,clear sky,0.0,0.0
124,airai,TL,-8.9266,125.4092,53.98,88,67,2.19,broken clouds,0.0,0.0
125,caravelas,BR,-17.7125,-39.2481,76.5,67,3,9.44,clear sky,0.0,0.0
126,waingapu,ID,-9.6567,120.2641,74.35,80,29,9.66,scattered clouds,0.0,0.0
127,korla,CN,41.7597,86.1469,96.62,11,43,13.82,scattered clouds,0.0,0.0
128,agropoli,IT,40.3469,14.9966,96.08,43,0,8.25,clear sky,0.0,0.0
129,gizo,SB,-8.103,156.8419,82.35,73,27,4.85,scattered clouds,0.0,0.0
130,itoman,JP,26.1247,127.6694,84.58,89,75,13.8,broken clouds,0.0,0.0
131,lima,PE,-12.0432,-77.0282,58.89,87,100,5.75,overcast clouds,0.0,0.0
132,paraguacu paulista,BR,-22.4128,-50.5758,67.44,72,88,10.11,overcast clouds,0.0,0.0
133,port elizabeth,ZA,-33.918,25.5701,72.1,73,0,6.91,clear sky,0.0,0.0
134,punta,PH,8.9897,125.34,77.43,91,100,2.01,overcast clouds,0.0,0.0
135,vao,NC,-22.6667,167.4833,73.8,86,100,14.85,overcast clouds,0.0,0.0
136,tartagal,AR,-22.5164,-63.8013,45.63,66,97,2.3,overcast clouds,0.0,0.0
137,la rioja,ES,42.25,-2.5,85.78,12,0,8.01,clear sky,0.0,0.0
138,bambous virieux,MU,-20.3428,57.7575,71.85,60,40,23.02,scattered clouds,0.0,0.0
139,ponta do sol,PT,32.6667,-17.1,77.0,73,1,1.32,clear sky,0.0,0.0
140,lavrentiya,RU,65.5833,-171.0,39.0,68,28,21.18,scattered clouds,0.0,0.0
141,east london,ZA,-33.0153,27.9116,76.14,41,0,4.61,clear sky,0.0,0.0
142,kollam,IN,8.8833,76.6,79.9,78,100,12.66,overcast clouds,0.0,0.0
143,sitka,US,57.0531,-135.33,53.49,87,100,4.61,light rain,0.76,0.0
144,northam,GB,51.0333,-4.2167,91.65,27,40,6.35,scattered clouds,0.0,0.0
145,edremit,TR,39.5961,27.0244,87.55,33,20,34.52,few clouds,0.0,0.0
146,orcopampa,PE,-15.2661,-72.3417,42.71,65,94,5.01,overcast clouds,0.0,0.0
147,sovetskaya gavan,RU,48.9723,140.2878,56.8,98,100,5.48,overcast clouds,0.0,0.0
148,katsuura,JP,35.1333,140.3,78.24,85,76,17.76,moderate rain,1.06,0.0
149,whitehorse,CA,60.7161,-135.0538,52.57,66,75,2.3,broken clouds,0.0,0.0
150,butaritari,KI,3.0707,172.7902,82.63,76,41,16.96,scattered clouds,0.0,0.0
151,victoria,HK,22.2855,114.1577,88.18,81,100,8.99,overcast clouds,0.0,0.0
152,jamestown,US,42.097,-79.2353,70.02,87,100,13.8,mist,0.0,0.0
153,chumikan,RU,54.7183,135.315,51.6,99,100,13.76,light rain,0.72,0.0
154,padang,ID,-0.9492,100.3543,82.45,79,13,2.28,few clouds,0.0,0.0
155,nanortalik,GL,60.1432,-45.2371,44.87,83,63,6.96,broken clouds,0.0,0.0
156,cap malheureux,MU,-19.9842,57.6142,71.47,60,93,14.0,overcast clouds,0.0,0.0
157,lander,US,42.833,-108.7307,76.01,33,0,6.67,clear sky,0.0,0.0
158,tiksi,RU,71.6872,128.8694,38.14,94,100,6.62,overcast clouds,0.0,0.0
159,bengkulu,ID,-3.8004,102.2655,79.99,82,19,3.47,few clouds,0.0,0.0
160,zlobin,HR,45.2924,14.6541,79.59,35,0,9.22,clear sky,0.0,0.0
161,ostrovnoy,RU,68.0531,39.5131,55.87,85,94,10.33,light rain,0.88,0.0
162,hasaki,JP,35.7333,140.8333,79.29,82,89,11.81,overcast clouds,0.0,0.0
163,dolgoderevenskoye,RU,55.3444,61.3444,79.14,53,40,4.47,scattered clouds,0.0,0.0
164,iona,US,26.5204,-81.964,82.99,92,0,1.99,clear sky,0.0,0.0
165,kahului,US,20.8947,-156.47,77.85,75,0,18.41,clear sky,0.0,0.0
166,ribeira grande,PT,38.5167,-28.7,73.8,94,75,9.22,broken clouds,0.0,0.0
167,omsukchan,RU,62.5333,155.8,55.6,67,58,3.22,broken clouds,0.0,0.0
168,kavaratti,IN,10.5669,72.642,80.98,82,100,19.04,moderate rain,1.41,0.0
169,tripoli,LY,32.8752,13.1875,86.47,52,0,16.46,clear sky,0.0,0.0
170,minab,IR,27.1467,57.0801,106.12,22,19,9.22,haze,0.0,0.0
171,torbay,CA,47.6666,-52.7314,66.97,63,75,17.27,broken clouds,0.0,0.0
172,celestun,MX,20.8667,-90.4,76.12,82,50,10.02,scattered clouds,0.0,0.0
173,acapulco,MX,16.8634,-99.8901,77.72,82,95,3.8,overcast clouds,0.0,0.0
174,namatanai,PG,-3.6667,152.4333,80.04,79,73,9.86,broken clouds,0.0,0.0
175,forio,IT,40.7342,13.8646,96.3,70,0,1.01,clear sky,0.0,0.0
176,garowe,SO,8.4054,48.4845,90.77,30,75,33.55,broken clouds,0.0,0.0
177,georgetown,MY,5.4112,100.3354,87.73,78,20,5.99,few clouds,0.0,0.0
178,palafrugell,ES,41.9174,3.1631,93.96,59,0,4.0,clear sky,0.0,0.0
179,hualmay,PE,-11.0964,-77.6139,60.49,85,59,6.98,broken clouds,0.0,0.0
180,plettenberg bay,ZA,-34.0527,23.3716,64.02,70,3,9.48,clear sky,0.0,0.0
181,flin flon,CA,54.7682,-101.865,58.84,94,100,2.3,smoke,0.0,0.0
182,bluff,NZ,-46.6,168.3333,48.79,84,100,16.4,light rain,0.33,0.0
183,honiara,SB,-9.4333,159.95,77.41,87,17,5.12,few clouds,0.0,0.0
184,yar-sale,RU,66.8333,70.8333,72.61,41,11,6.04,few clouds,0.0,0.0
185,coarnele caprei,RO,47.3833,27.1,79.68,22,10,11.68,clear sky,0.0,0.0
186,pisco,PE,-13.7,-76.2167,58.01,88,100,2.3,mist,0.0,0.0
187,mazagao,BR,-0.115,-51.2894,73.45,87,27,3.91,moderate rain,2.46,0.0
188,lerwick,GB,60.1545,-1.1494,55.4,71,89,8.25,overcast clouds,0.0,0.0
189,severo-kurilsk,RU,50.6789,156.125,53.96,97,94,2.64,overcast clouds,0.0,0.0
190,agua verde,MX,22.9,-106.05,78.22,85,98,4.81,overcast clouds,0.0,0.0
191,port lincoln,AU,-34.7333,135.8667,53.24,59,100,9.01,overcast clouds,0.0,0.0
192,esperance,AU,-33.8667,121.9,53.44,88,100,2.48,overcast clouds,0.0,0.0
193,abu samrah,SY,35.3029,37.1841,100.13,17,0,6.69,clear sky,0.0,0.0
194,ketchikan,US,55.3422,-131.6461,55.87,94,100,11.5,moderate rain,1.02,0.0
195,manjacaze,MZ,-24.7117,33.8828,75.33,64,40,5.35,light rain,0.14,0.0
196,ustka,PL,54.5805,16.8619,72.64,73,100,16.24,overcast clouds,0.0,0.0
197,provideniya,RU,64.3833,-173.3,42.22,80,64,32.5,light rain,0.71,0.0
198,zhanaozen,KZ,43.3,52.8,109.45,8,0,6.58,clear sky,0.0,0.0
199,velasco ibarra,EC,-1.05,-79.6167,69.15,87,100,6.11,overcast clouds,0.0,0.0
200,entre rios,BR,-11.9419,-38.0844,75.85,73,24,8.66,few clouds,0.0,0.0
201,kruisfontein,ZA,-34.0033,24.7314,68.88,33,3,8.59,clear sky,0.0,0.0
202,aljezur,PT,37.3191,-8.8033,77.36,57,0,10.98,clear sky,0.0,0.0
203,port augusta,AU,-32.5,137.7667,47.84,74,3,8.7,clear sky,0.0,0.0
204,taoudenni,ML,22.6783,-3.9836,108.64,5,2,5.53,clear sky,0.0,0.0
205,belle fourche,US,44.6714,-103.8522,89.11,36,31,2.42,scattered clouds,0.0,0.0
206,lakatoro,VU,-16.0999,167.4164,77.85,86,29,13.31,scattered clouds,0.0,0.0
207,luderitz,NA,-26.6481,15.1594,67.64,53,18,10.13,few clouds,0.0,0.0
208,panacan,PH,9.2463,118.4082,77.4,88,100,5.82,moderate rain,1.54,0.0
209,dongsheng,CN,39.8161,109.9776,80.96,21,99,7.31,overcast clouds,0.0,0.0
210,norman wells,CA,65.282,-126.8329,59.04,77,20,6.91,few clouds,0.0,0.0
211,petropavlovsk-kamchatskiy,RU,53.0452,158.6483,54.19,100,40,6.71,scattered clouds,0.0,0.0
212,gat,IL,31.61,34.7642,97.39,37,0,13.24,clear sky,0.0,0.0
213,chapais,CA,49.7834,-74.8492,64.18,58,32,8.25,scattered clouds,0.0,0.0
214,mackay,AU,-21.15,149.2,55.69,87,0,6.33,clear sky,0.0,0.0
215,paamiut,GL,61.994,-49.6678,45.95,71,100,6.11,overcast clouds,0.0,0.0
216,vila,PT,42.0304,-8.1588,65.28,32,5,9.91,clear sky,0.0,0.0
217,kavieng,PG,-2.5744,150.7967,83.12,76,93,13.76,overcast clouds,0.0,0.0
218,zhob,PK,31.3411,69.4481,86.25,43,74,2.37,broken clouds,0.0,0.0
219,richards bay,ZA,-28.783,32.0377,80.56,37,0,14.0,clear sky,0.0,0.0
220,tessalit,ML,20.1986,1.0114,100.15,24,6,9.08,clear sky,0.0,0.0
221,jijiga,ET,9.35,42.8,70.81,56,74,20.33,broken clouds,0.0,0.0
222,new norfolk,AU,-42.7826,147.0587,40.91,81,51,1.99,broken clouds,0.0,0.0
223,berdigestyakh,RU,62.0989,126.6992,76.84,68,48,4.65,scattered clouds,0.0,0.0
224,bandar-e lengeh,IR,26.5579,54.8807,98.71,53,100,9.22,haze,0.0,0.0
225,buraydah,SA,26.326,43.975,109.85,6,16,8.66,few clouds,0.0,0.0
226,anadyr,RU,64.75,177.4833,43.3,61,0,20.13,clear sky,0.0,0.0
227,vila franca do campo,PT,37.7167,-25.4333,72.01,75,31,5.5,scattered clouds,0.0,0.0
228,sesimbra,PT,38.4445,-9.1015,76.66,62,1,9.78,clear sky,0.0,0.0
229,meulaboh,ID,4.1363,96.1285,80.91,72,37,2.57,scattered clouds,0.0,0.0
230,lodja,CD,-3.4833,23.4333,81.28,43,100,0.51,overcast clouds,0.0,0.0
231,itaituba,BR,-4.2761,-55.9836,77.16,94,30,0.0,scattered clouds,0.0,0.0
232,tazovskiy,RU,67.4667,78.7,61.02,55,100,7.0,overcast clouds,0.0,0.0
233,meiganga,CM,6.5167,14.3,68.09,93,100,0.87,overcast clouds,0.0,0.0
234,whitianga,NZ,-36.8333,175.7,56.68,82,100,14.0,overcast clouds,0.0,0.0
235,kiomboi,TZ,-4.2667,34.3667,81.16,24,26,11.25,scattered clouds,0.0,0.0
236,thinadhoo,MV,0.5333,72.9333,81.54,73,100,9.13,overcast clouds,0.0,0.0
237,flinders,AU,-34.5833,150.8552,48.38,82,55,10.85,light rain,0.4,0.0
238,wajir,KE,1.7471,40.0573,87.76,37,75,12.66,broken clouds,0.0,0.0
239,holoby,UA,51.0865,25.0077,71.06,41,61,11.92,broken clouds,0.0,0.0
240,narsaq,GL,60.9167,-46.05,50.22,62,84,1.57,broken clouds,0.0,0.0
241,ouadda,CF,8.0777,22.4007,80.87,67,95,3.44,overcast clouds,0.0,0.0
242,palmer,US,42.1584,-72.3287,73.85,87,100,5.75,mist,0.0,0.0
243,kaitangata,NZ,-46.2817,169.8464,46.06,91,100,4.45,light rain,0.97,0.0
244,grand gaube,MU,-20.0064,57.6608,72.0,60,93,14.0,overcast clouds,0.0,0.0
245,lompoc,US,34.6391,-120.4579,56.59,92,0,0.0,clear sky,0.0,0.0
246,calmar,CA,53.2668,-113.8187,61.88,98,20,8.05,few clouds,0.0,0.0
247,komsomolskiy,UZ,40.4272,71.7189,101.12,12,0,9.22,clear sky,0.0,0.0
248,montepuez,MZ,-13.1256,38.9997,72.81,58,90,7.18,light rain,0.19,0.0
249,matadi,CD,-5.8167,13.45,85.71,49,88,4.81,overcast clouds,0.0,0.0
250,poquoson,US,37.1224,-76.3458,79.0,90,0,12.66,clear sky,0.0,0.0
251,grandview,US,38.8858,-94.533,70.7,97,0,0.0,mist,0.0,0.0
252,vanimo,PG,-2.6741,141.3028,78.22,84,85,2.51,overcast clouds,0.0,0.0
253,saint anthony,US,45.0205,-93.218,73.53,87,0,5.75,clear sky,0.0,0.0
254,biak,ID,-0.9131,122.8766,73.4,90,100,5.99,overcast clouds,0.0,0.0
255,kurilsk,RU,45.2333,147.8833,59.77,99,97,2.04,overcast clouds,0.0,0.0
256,sao felix do xingu,BR,-6.6447,-51.995,80.01,43,4,3.89,clear sky,0.0,0.0
257,kiama,AU,-34.6833,150.8667,52.0,86,66,1.99,light rain,0.38,0.0
258,batemans bay,AU,-35.7167,150.1833,44.74,75,52,9.78,broken clouds,0.0,0.0
259,ucluelet,CA,48.9329,-125.5528,58.08,90,4,5.64,clear sky,0.0,0.0
260,bintulu,MY,3.1667,113.0333,84.61,83,20,0.0,few clouds,0.0,0.0
261,athabasca,CA,54.7169,-113.2854,52.21,94,0,6.44,clear sky,0.0,0.0
262,hurghada,EG,27.2574,33.8129,95.04,24,0,11.5,clear sky,0.0,0.0
263,kaeo,NZ,-35.1,173.7833,51.33,94,86,8.5,overcast clouds,0.0,0.0
264,vardo,NO,70.3705,31.1107,58.98,82,20,8.05,few clouds,0.0,0.0
265,mayskiy,RU,47.6931,40.1025,83.61,19,1,14.76,clear sky,0.0,0.0
266,zhanakorgan,KZ,43.9098,67.2495,99.19,16,0,21.18,clear sky,0.0,0.0
267,yei,SS,4.095,30.6779,77.25,77,71,2.15,moderate rain,1.63,0.0
268,at-bashi,KG,41.1702,75.8106,81.12,16,0,10.54,clear sky,0.0,0.0
269,makinsk,KZ,52.6292,70.4169,73.54,44,74,4.12,broken clouds,0.0,0.0
270,panhala,IN,16.8167,74.1167,68.79,93,100,8.12,heavy intensity rain,5.01,0.0
271,port pirie,AU,-33.1833,138.0167,46.74,67,10,6.78,clear sky,0.0,0.0
272,agadez,NE,19.75,10.25,102.87,15,7,5.57,clear sky,0.0,0.0
273,manacapuru,BR,-3.2997,-60.6206,78.73,73,18,4.03,few clouds,0.0,0.0
274,tura,IN,25.5198,90.2201,79.7,88,85,4.7,overcast clouds,0.0,0.0
275,zalegoshch,RU,52.9008,36.8869,66.15,63,51,16.13,light rain,0.29,0.0
276,jacksonville,US,30.3322,-81.6556,77.04,96,0,4.61,clear sky,0.0,0.0
277,znamenskoye,RU,57.1281,73.8282,70.97,53,64,6.67,broken clouds,0.0,0.0
278,telhara,IN,21.0269,76.8389,74.48,95,100,17.87,overcast clouds,0.0,0.0
279,pangnirtung,CA,66.1451,-65.7125,39.2,100,40,13.8,mist,0.0,0.0
280,motygino,RU,58.1831,94.7592,57.81,92,61,8.57,light rain,0.47,0.0
281,lorengau,PG,-2.0226,147.2712,80.29,82,100,3.2,overcast clouds,0.0,0.0
282,tuktoyaktuk,CA,69.4541,-133.0374,53.2,76,100,13.04,overcast clouds,0.0,0.0
283,nola,IT,40.922,14.5329,96.42,46,1,5.41,clear sky,0.0,0.0
284,sinnamary,GF,5.3833,-52.95,77.88,88,94,6.82,overcast clouds,0.0,0.0
285,cefalu,IT,38.0386,14.0229,88.54,75,0,5.01,clear sky,0.0,0.0
286,tongzi,CN,28.7829,105.0877,73.51,94,96,3.49,overcast clouds,0.0,0.0
287,soria,ES,41.6667,-2.6667,95.56,11,0,13.67,clear sky,0.0,0.0
288,kashi,CN,39.4547,75.9797,96.01,14,0,6.71,clear sky,0.0,0.0
289,helong,CN,42.5397,128.9972,63.82,100,100,2.24,overcast clouds,0.0,0.0
290,loandjili,CG,-4.7561,11.8578,77.11,73,100,8.05,overcast clouds,0.0,0.0
291,otradnoye,RU,59.7775,30.8181,65.03,72,87,8.12,overcast clouds,0.0,0.0
292,puerto leguizamo,CO,-0.1934,-74.7819,70.61,99,100,1.86,overcast clouds,0.0,0.0
293,tilichiki,RU,60.4667,166.1,52.5,78,21,3.27,few clouds,0.0,0.0
294,belmonte,BR,-15.8631,-38.8828,76.39,66,32,11.03,scattered clouds,0.0,0.0
295,la ronge,CA,55.1001,-105.2842,59.25,88,20,2.3,few clouds,0.0,0.0
296,mount gambier,AU,-37.8333,140.7667,45.25,77,68,4.83,broken clouds,0.0,0.0
297,bilibino,RU,68.0546,166.4372,40.87,61,98,6.51,overcast clouds,0.0,0.0
298,bafq,IR,31.6128,55.4107,102.76,5,0,17.38,clear sky,0.0,0.0
299,deputatskiy,RU,69.3,139.9,56.53,53,100,4.47,overcast clouds,0.0,0.0
300,leningradskiy,RU,69.3833,178.4167,32.05,97,100,27.67,light snow,0.0,0.46
301,marathon,US,44.9,-89.7668,65.73,91,0,4.61,clear sky,0.0,0.0
302,hay river,CA,60.8156,-115.7999,64.38,59,96,9.22,overcast clouds,0.0,0.0
303,faanui,PF,-16.4833,-151.75,76.82,68,83,11.56,broken clouds,0.0,0.0
304,eureka,US,40.8021,-124.1637,53.2,85,1,2.21,clear sky,0.0,0.0
305,solnechnyy,RU,50.7214,136.6319,56.68,99,100,5.95,light rain,0.49,0.0
306,sao miguel do araguaia,BR,-13.275,-50.1628,79.41,29,2,12.19,clear sky,0.0,0.0
307,mwene-ditu,CD,-7.0,23.45,89.49,20,37,4.61,scattered clouds,0.0,0.0
308,chibombo,ZM,-14.6569,28.0706,73.42,26,1,6.44,clear sky,0.0,0.0
309,luena,AO,-11.7833,19.9167,78.76,21,23,5.77,few clouds,0.0,0.0
310,pevek,RU,69.7008,170.3133,31.93,83,100,12.97,overcast clouds,0.0,0.0
311,vestmannaeyjar,IS,63.4427,-20.2734,51.28,85,99,8.84,overcast clouds,0.0,0.0
312,lar,IN,26.2039,83.9717,101.55,33,83,12.12,broken clouds,0.0,0.0
313,carlisle,US,40.2015,-77.1889,73.51,82,100,3.06,overcast clouds,0.0,0.0
314,ahipara,NZ,-35.1667,173.1667,54.59,88,90,9.48,overcast clouds,0.0,0.0
315,bowen,AU,-20.0167,148.2333,62.69,85,2,6.85,clear sky,0.0,0.0
316,jombang,ID,-7.546,112.2331,76.46,84,51,6.24,broken clouds,0.0,0.0
317,ballina,AU,-28.8667,153.5667,54.79,66,0,9.51,clear sky,0.0,0.0
318,srednekolymsk,RU,67.45,153.6833,57.97,50,100,3.67,overcast clouds,0.0,0.0
319,kirakira,SB,-10.4544,161.9205,79.57,84,41,7.72,scattered clouds,0.0,0.0
320,serebryanyy bor,RU,56.8,124.8,64.4,92,79,3.89,broken clouds,0.0,0.0
321,tigil,RU,57.8,158.6667,50.5,96,64,3.06,broken clouds,0.0,0.0
322,weligama,LK,5.9667,80.4167,81.48,77,69,15.66,broken clouds,0.0,0.0
323,steinheim,DE,51.8707,9.0914,88.63,33,98,4.99,overcast clouds,0.0,0.0
324,baft,IR,29.234,56.6057,91.4,6,9,3.78,clear sky,0.0,0.0
325,bajos de haina,DO,18.4154,-70.0332,81.32,86,20,8.05,few clouds,0.0,0.0
326,cabinda,AO,-5.55,12.2,77.14,69,75,8.05,broken clouds,0.0,0.0
327,bhadrachalam,IN,17.6667,80.8833,83.32,80,82,5.28,broken clouds,0.0,0.0
328,dunedin,NZ,-45.8742,170.5036,55.8,58,100,5.01,overcast clouds,0.0,0.0
329,alofi,NU,-19.0595,-169.9187,71.49,94,24,6.91,few clouds,0.0,0.0
330,kushima,JP,31.4583,131.2333,83.03,87,100,6.89,overcast clouds,0.0,0.0
331,susaki,JP,33.3667,133.2833,78.87,94,98,2.73,light rain,0.42,0.0
332,laem sing,TH,12.4816,102.0738,86.02,82,75,6.85,light rain,0.29,0.0
333,ixtapa,MX,20.7,-105.2,76.23,91,100,1.99,overcast clouds,0.0,0.0
334,wainwright,CA,52.839,-110.8572,56.12,90,4,4.63,clear sky,0.0,0.0
335,aykhal,RU,66.0,111.5,51.44,91,100,8.34,overcast clouds,0.0,0.0
336,sri aman,MY,1.2376,111.4621,86.09,74,96,2.3,overcast clouds,0.0,0.0
337,iberia,US,29.9502,-91.7507,78.06,94,40,3.44,scattered clouds,0.0,0.0
338,margate,GB,51.3813,1.3862,90.1,46,74,9.48,broken clouds,0.0,0.0
339,vieques,PR,18.425,-65.8329,82.44,83,40,5.75,scattered clouds,0.0,0.0
340,poum,NC,-20.2333,164.0167,74.77,79,55,7.87,broken clouds,0.0,0.0
341,sisimiut,GL,66.9395,-53.6735,46.22,81,100,0.56,light rain,0.11,0.0
342,husavik,IS,66.0449,-17.3389,52.36,72,72,6.76,broken clouds,0.0,0.0
343,yulara,AU,-25.2406,130.9889,58.06,19,87,9.53,overcast clouds,0.0,0.0
344,sistranda,NO,63.7256,8.834,53.56,80,46,19.95,scattered clouds,0.0,0.0
345,vagur,FO,61.4732,-6.8119,50.47,89,75,9.86,broken clouds,0.0,0.0
346,nantucket,US,41.2835,-70.0995,75.31,98,100,4.61,fog,0.0,0.0
347,pokhara,NP,28.2333,83.9833,78.19,93,89,2.77,overcast clouds,0.0,0.0
348,parainen,FI,60.3067,22.301,69.98,58,65,9.93,broken clouds,0.0,0.0
349,lata,PT,40.1629,-8.3327,86.49,42,0,10.13,clear sky,0.0,0.0
350,cidreira,BR,-30.1811,-50.2056,57.24,76,23,14.52,few clouds,0.0,0.0
351,monroe,US,43.1501,-77.6831,69.01,96,100,8.05,moderate rain,2.24,0.0
352,afsin,TR,38.2477,36.914,86.83,27,0,11.21,clear sky,0.0,0.0
353,mbandaka,CD,0.0487,18.2603,70.99,96,100,3.27,moderate rain,1.23,0.0
354,aklavik,CA,68.2191,-135.0107,60.71,73,100,5.3,overcast clouds,0.0,0.0
355,bud,US,39.447,-86.1758,69.82,98,91,3.31,overcast clouds,0.0,0.0
356,danvers,US,42.5751,-70.9301,75.16,78,0,6.91,clear sky,0.0,0.0
357,vilyuysk,RU,63.7553,121.6247,69.03,88,100,4.05,light rain,0.46,0.0
358,alexandria,EG,31.2156,29.9553,88.34,62,0,8.05,clear sky,0.0,0.0
359,mokokchung,IN,26.3333,94.5333,70.07,94,60,1.72,broken clouds,0.0,0.0
360,ilulissat,GL,69.2167,-51.1,48.22,76,75,8.05,broken clouds,0.0,0.0
361,trinidad,BO,-14.8333,-64.9,57.18,100,20,0.0,few clouds,0.0,0.0
362,baykit,RU,61.67,96.37,60.44,91,100,4.76,light rain,0.36,0.0
363,sur,OM,22.5667,59.5289,87.48,74,99,9.8,overcast clouds,0.0,0.0
364,santiago del estero,AR,-27.7951,-64.2615,45.5,55,0,5.12,clear sky,0.0,0.0
365,shingu,JP,33.7333,135.9833,77.29,91,89,5.84,overcast clouds,0.0,0.0
366,sorong,ID,-0.8833,131.25,79.93,81,34,6.58,moderate rain,1.59,0.0
367,kungurtug,RU,50.5994,97.5228,63.01,77,90,4.05,moderate rain,1.15,0.0
368,boden,SE,65.8252,21.6886,64.4,56,99,3.85,overcast clouds,0.0,0.0
369,cuamba,MZ,-14.8031,36.5372,76.86,40,51,6.13,broken clouds,0.0,0.0
370,labuhan,ID,-6.8844,112.2051,80.47,78,53,8.9,broken clouds,0.0,0.0
371,peace river,CA,56.2501,-117.286,56.66,83,20,6.91,few clouds,0.0,0.0
372,panzhihua,CN,26.5851,101.7128,82.96,69,99,1.83,overcast clouds,0.0,0.0
373,riverton,US,40.5219,-111.9391,78.04,57,0,6.91,clear sky,0.0,0.0
374,iqaluit,CA,63.7506,-68.5145,40.73,93,100,3.44,light intensity shower rain,0.0,0.0
375,aloleng,PH,16.1307,119.7824,80.47,85,100,6.17,overcast clouds,0.0,0.0
376,simpang,ID,-1.2667,104.0833,78.4,89,59,3.22,broken clouds,0.0,0.0
377,el campo,US,29.1966,-96.2697,78.87,94,0,0.0,clear sky,0.0,0.0
378,aksarka,RU,66.5606,67.7975,74.88,37,34,5.97,scattered clouds,0.0,0.0
379,karratha,AU,-20.7377,116.8463,70.93,63,1,7.9,light rain,0.12,0.0
380,ceuta,ES,35.8903,-5.3075,84.22,79,11,9.15,few clouds,0.0,0.0
381,bitkine,TD,11.9801,18.2138,85.75,56,90,9.13,overcast clouds,0.0,0.0
382,buala,SB,-8.145,159.5921,79.39,79,17,7.74,few clouds,0.0,0.0
383,sovetskiy,RU,61.3614,63.5842,80.33,24,44,4.23,scattered clouds,0.0,0.0
384,talaya,RU,61.3833,152.75,61.7,80,73,4.07,broken clouds,0.0,0.0
385,monteagudo,BO,-19.8167,-63.9833,54.52,79,73,2.48,broken clouds,0.0,0.0
386,cehegin,ES,38.0924,-1.7985,94.39,18,0,10.4,clear sky,0.0,0.0
387,mahebourg,MU,-20.4081,57.7,71.89,60,40,23.02,scattered clouds,0.0,0.0
388,wanning,CN,18.8003,110.3967,83.75,86,99,11.07,overcast clouds,0.0,0.0
389,tomatlan,MX,19.9333,-105.25,73.6,93,100,4.5,overcast clouds,0.0,0.0
390,mount isa,AU,-20.7333,139.5,56.97,58,0,5.75,clear sky,0.0,0.0
391,goderich,CA,43.7501,-81.7165,66.9,94,100,4.61,overcast clouds,0.0,0.0
392,atar,MR,20.5169,-13.0499,103.46,22,9,7.18,clear sky,0.0,0.0
393,riyadh,SA,24.6877,46.7219,111.34,7,4,7.45,clear sky,0.0,0.0
394,puerto carreno,CO,6.189,-67.4859,76.98,94,75,3.44,broken clouds,0.0,0.0
395,falefa,WS,-13.887,-171.588,71.49,76,67,22.21,broken clouds,0.0,0.0
396,broome,US,42.2506,-75.833,70.63,88,100,9.22,moderate rain,1.19,0.0
397,maraba,BR,-5.3686,-49.1178,77.18,83,0,3.44,clear sky,0.0,0.0
398,joppatowne,US,39.4579,-76.3552,77.92,92,75,3.44,broken clouds,0.0,0.0
399,lakhipur,IN,26.0299,90.3041,85.6,78,89,8.88,overcast clouds,0.0,0.0
400,tulsipur,NP,28.131,82.2973,85.86,67,96,3.24,overcast clouds,0.0,0.0
401,krupina,SK,48.3554,19.0647,81.5,24,92,3.24,overcast clouds,0.0,0.0
402,nioro,GM,13.35,-15.75,89.65,49,74,9.48,broken clouds,0.0,0.0
403,arroyo,ES,41.6096,-4.7969,96.15,23,0,3.44,clear sky,0.0,0.0
404,saldanha,ZA,-33.0117,17.9442,62.65,85,22,10.16,few clouds,0.0,0.0
405,port macquarie,AU,-31.4333,152.9167,52.9,56,52,12.77,broken clouds,0.0,0.0
406,tarkwa,GH,5.3064,-1.9847,82.17,55,39,7.07,scattered clouds,0.0,0.0
407,keetmanshoop,NA,-26.5833,18.1333,74.32,18,1,18.63,clear sky,0.0,0.0
408,taraz,KZ,42.9,71.3667,93.61,20,0,8.95,clear sky,0.0,0.0
409,woodway,US,31.506,-97.205,81.45,69,0,9.22,clear sky,0.0,0.0
410,saint george,US,37.1041,-113.5841,88.39,34,0,11.5,clear sky,0.0,0.0
411,martapura,ID,-3.4167,114.85,75.29,100,40,4.61,moderate rain,0.11,0.0
412,arraial do cabo,BR,-22.9661,-42.0278,73.36,94,40,8.05,scattered clouds,0.0,0.0
413,ornskoldsvik,SE,63.2909,18.7153,63.55,51,100,12.66,overcast clouds,0.0,0.0
414,liku,ID,-0.7275,119.8922,75.92,90,100,3.47,light rain,0.14,0.0
415,hofn,IS,64.2539,-15.2082,55.42,67,75,6.91,broken clouds,0.0,0.0
416,pompeu,BR,-19.2244,-44.9353,69.33,49,0,5.46,clear sky,0.0,0.0
417,suluq,LY,31.6682,20.2521,98.19,18,0,27.07,clear sky,0.0,0.0
418,lamu,KE,-2.2717,40.902,80.82,72,8,19.19,clear sky,0.0,0.0
419,hirara,JP,24.8,125.2833,84.47,84,75,13.8,broken clouds,0.0,0.0
420,sao joao da barra,BR,-21.6403,-41.0511,71.69,81,21,6.31,few clouds,0.0,0.0
421,pak phanang,TH,8.3511,100.202,89.62,73,32,4.59,scattered clouds,0.0,0.0
422,zhigansk,RU,66.7697,123.3711,55.35,88,100,13.31,overcast clouds,0.0,0.0
423,nemuro,JP,43.3236,145.575,62.96,96,82,5.21,broken clouds,0.0,0.0
424,camacha,PT,33.0833,-16.3333,71.02,68,40,11.5,scattered clouds,0.0,0.0
425,kifri,IQ,34.6959,44.9661,114.3,7,0,14.61,clear sky,0.0,0.0
426,stavern,NO,59.0,10.0333,74.08,75,100,19.69,overcast clouds,0.0,0.0
427,kudahuvadhoo,MV,2.6708,72.8944,81.14,74,100,12.93,overcast clouds,0.0,0.0
428,lucapa,AO,-8.4192,20.7447,89.87,17,40,4.79,scattered clouds,0.0,0.0
429,terra santa,BR,-2.1042,-56.4869,81.19,66,14,4.76,few clouds,0.0,0.0
430,sao filipe,CV,14.8961,-24.4956,75.83,72,30,17.09,scattered clouds,0.0,0.0
431,paulo afonso,BR,-9.4061,-38.2147,69.94,81,58,7.2,broken clouds,0.0,0.0
432,olafsvik,IS,64.8945,-23.7142,51.37,79,94,5.26,overcast clouds,0.0,0.0
433,jhargram,IN,22.45,86.9833,88.36,65,75,13.8,broken clouds,0.0,0.0
434,wattegama,LK,6.7989,81.4808,89.67,52,98,2.44,overcast clouds,0.0,0.0
435,bulawayo,ZW,-20.15,28.5833,62.56,44,32,11.72,scattered clouds,0.0,0.0
436,julio de castilhos,BR,-29.2269,-53.6817,44.11,82,0,5.95,clear sky,0.0,0.0
437,makakilo city,US,21.3469,-158.0858,79.12,67,75,11.5,broken clouds,0.0,0.0
438,constantine,DZ,36.365,6.6147,96.21,20,0,4.61,clear sky,0.0,0.0
439,jingdezhen,CN,29.2947,117.2079,79.07,93,93,1.39,overcast clouds,0.0,0.0
440,kununurra,AU,-15.7667,128.7333,66.18,72,2,4.61,clear sky,0.0,0.0
441,shelton,US,41.3165,-73.0932,77.52,83,75,5.75,mist,0.0,0.0
442,rio gallegos,AR,-51.6226,-69.2181,30.25,86,0,9.22,clear sky,0.0,0.0
443,khani,GE,41.9563,42.9566,72.97,73,63,6.35,broken clouds,0.0,0.0
444,lieksa,FI,63.3167,30.0167,58.69,77,67,5.93,broken clouds,0.0,0.0
445,udachnyy,RU,66.4167,112.4,53.46,100,100,8.14,overcast clouds,0.0,0.0
446,bologoye,RU,57.8799,34.1068,61.36,65,83,7.4,light rain,0.22,0.0
447,mamallapuram,IN,12.6264,80.1722,88.05,67,100,1.79,light rain,0.56,0.0
448,namtsy,RU,62.7161,129.6658,79.38,61,48,5.3,scattered clouds,0.0,0.0
449,coreau,BR,-3.5333,-40.6567,82.13,56,18,10.27,few clouds,0.0,0.0
450,maumere,ID,-8.6199,122.2111,75.74,79,45,6.06,scattered clouds,0.0,0.0
451,san quintin,MX,30.4833,-115.95,67.33,86,5,4.32,clear sky,0.0,0.0
452,verkhnyaya inta,RU,65.9811,60.3094,74.53,52,53,7.25,broken clouds,0.0,0.0
453,pauini,BR,-7.7136,-66.9764,72.27,96,36,3.51,scattered clouds,0.0,0.0
454,buzias,RO,45.6492,21.6036,84.52,14,17,6.91,few clouds,0.0,0.0
455,kupang,ID,-10.1667,123.5833,74.97,68,94,12.77,overcast clouds,0.0,0.0
456,lagoa,PT,39.05,-27.9833,71.17,93,22,8.19,few clouds,0.0,0.0
457,puerto el triunfo,SV,13.2833,-88.55,76.33,81,73,5.08,broken clouds,0.0,0.0
458,tautira,PF,-17.7333,-149.15,75.04,72,36,6.69,scattered clouds,0.0,0.0
459,nome,US,64.5011,-165.4064,35.67,80,75,8.05,broken clouds,0.0,0.0
460,kampong thum,KH,12.7111,104.8887,81.45,83,93,3.11,overcast clouds,0.0,0.0
461,phan thiet,VN,10.9333,108.1,82.56,79,81,12.03,broken clouds,0.0,0.0
462,naze,JP,28.3667,129.4833,79.72,88,100,17.67,overcast clouds,0.0,0.0
463,comodoro rivadavia,AR,-45.8667,-67.5,40.86,48,0,27.63,clear sky,0.0,0.0
464,carahue,CL,-38.7,-73.1667,34.21,97,38,2.33,scattered clouds,0.0,0.0
465,klyavlino,RU,54.2649,52.0267,79.56,52,0,8.52,clear sky,0.0,0.0
466,bosaso,SO,11.2842,49.1816,102.18,29,0,12.66,clear sky,0.0,0.0
467,bangkal,PH,6.0667,121.0667,75.13,89,100,2.44,moderate rain,1.78,0.0
468,camargo,MX,27.6667,-105.1667,77.67,30,39,6.46,scattered clouds,0.0,0.0
469,pemangkat,ID,1.1667,108.9667,82.22,74,91,9.08,overcast clouds,0.0,0.0
470,mayo,US,38.8876,-76.5119,78.98,91,0,4.61,clear sky,0.0,0.0
471,bocas del toro,PA,9.3333,-82.25,78.85,82,88,7.63,overcast clouds,0.0,0.0
472,honningsvag,NO,70.9821,25.9704,55.15,88,40,3.44,scattered clouds,0.0,0.0
473,ulaanbaatar,MN,47.9077,106.8832,80.73,24,40,17.9,scattered clouds,0.0,0.0
474,san patricio,US,28.017,-97.5169,83.89,90,66,4.34,broken clouds,0.0,0.0
475,tiarei,PF,-17.5333,-149.3333,69.82,71,15,7.0,few clouds,0.0,0.0
476,batagay,RU,67.6333,134.6333,61.88,78,100,5.79,light rain,0.14,0.0
477,yumen,CN,40.2833,97.2,76.53,30,86,13.38,overcast clouds,0.0,0.0
478,le mars,US,42.7942,-96.1656,68.36,100,0,3.44,mist,0.0,0.0
479,ailigandi,PA,9.2333,-78.0167,79.18,87,100,4.25,overcast clouds,0.0,0.0
480,fairbanks,US,64.8378,-147.7164,57.2,82,100,6.91,overcast clouds,0.0,0.0
481,borovskoy,KZ,53.8,64.15,75.4,67,97,8.5,light rain,0.35,0.0
482,jiangyou,CN,31.7667,104.7167,74.57,83,98,1.81,overcast clouds,0.0,0.0
483,porto novo,BJ,6.4965,2.6036,83.19,63,81,11.81,light rain,0.15,0.0
484,humaita,BR,-7.5061,-63.0208,78.01,66,13,1.7,few clouds,0.0,0.0
485,touros,BR,-5.1989,-35.4608,80.46,62,35,14.79,scattered clouds,0.0,0.0
486,bosanska krupa,BA,44.8825,16.1514,84.49,21,6,7.47,clear sky,0.0,0.0
487,star dojran,MK,41.1875,22.7208,87.35,13,0,9.71,clear sky,0.0,0.0
488,gejiu,CN,23.306,103.1635,63.63,91,100,3.89,overcast clouds,0.0,0.0
489,kalemie,CD,-5.9475,29.1947,78.53,45,54,9.86,broken clouds,0.0,0.0
490,gannan,CN,47.9147,123.5031,69.69,88,23,6.08,few clouds,0.0,0.0
491,yarensk,RU,62.1675,49.0916,72.0,59,100,3.47,overcast clouds,0.0,0.0
492,homer,US,59.6425,-151.5483,55.27,77,100,13.0,overcast clouds,0.0,0.0
493,thakurganj,IN,26.45,88.1333,88.65,68,94,3.53,overcast clouds,0.0,0.0
494,safaga,EG,26.7292,33.9365,89.8,46,10,11.27,clear sky,0.0,0.0
495,kondratovo,RU,57.9804,56.1066,82.69,44,0,4.47,clear sky,0.0,0.0
496,dalian,CN,38.9122,121.6022,75.13,83,0,11.18,clear sky,0.0,0.0
497,canatlan,MX,24.5167,-104.7833,62.83,64,29,2.62,scattered clouds,0.0,0.0
498,puerto cabezas,NI,14.0351,-83.3888,78.37,90,92,10.04,overcast clouds,0.0,0.0
499,vostok,RU,46.4856,135.8833,61.38,94,57,2.39,broken clouds,0.0,0.0
500,petatlan,MX,17.5167,-101.2667,74.26,87,100,4.03,overcast clouds,0.0,0.0
501,malpe,IN,13.35,74.7167,81.7,81,100,6.24,overcast clouds,0.0,0.0
502,tromso,NO,69.6496,18.957,55.42,71,75,8.05,broken clouds,0.0,0.0
503,rajpipla,IN,21.8667,73.5,79.27,89,100,8.37,overcast clouds,0.0,0.0
504,vestmanna,FO,62.1564,-7.1664,52.72,82,100,10.36,overcast clouds,0.0,0.0
505,coihaique,CL,-45.5752,-72.0662,39.15,60,20,5.75,few clouds,0.0,0.0
506,pimentel,PE,-6.8367,-79.9342,61.09,82,0,10.36,clear sky,0.0,0.0
507,balkhash,KZ,46.844,74.9804,88.41,13,0,13.42,clear sky,0.0,0.0
508,prince rupert,CA,54.3161,-130.3201,55.09,96,100,17.27,mist,0.0,0.0
509,maarianhamina,AX,60.0973,19.9348,64.26,72,0,9.22,clear sky,0.0,0.0
510,moose factory,CA,51.2585,-80.6094,68.0,77,0,10.36,clear sky,0.0,0.0
511,thohoyandou,ZA,-22.9456,30.485,71.35,38,0,5.61,clear sky,0.0,0.0
512,keflavik,IS,64.0049,-22.5624,53.51,87,75,6.91,broken clouds,0.0,0.0
513,caetite,BR,-14.0694,-42.475,67.37,71,23,15.79,few clouds,0.0,0.0
514,aksarayskiy,RU,46.7924,48.0119,101.7,19,83,13.71,broken clouds,0.0,0.0
515,tommot,RU,58.9564,126.2925,64.92,94,49,3.62,light rain,0.28,0.0
516,ormond beach,US,29.2858,-81.0559,78.03,95,0,3.44,mist,0.0,0.0
517,pontes e lacerda,BR,-15.2261,-59.3353,68.5,63,3,3.42,clear sky,0.0,0.0
518,slave lake,CA,55.2834,-114.769,55.38,100,0,2.3,clear sky,0.0,0.0
519,cabuyaro,CO,4.2817,-72.794,71.51,96,96,2.59,overcast clouds,0.0,0.0
520,harindanga,IN,22.0383,88.3214,86.52,72,34,15.64,scattered clouds,0.0,0.0
521,fiumicino,IT,41.7675,12.2291,102.49,38,0,10.36,clear sky,0.0,0.0
522,indianola,US,41.3581,-93.5574,67.87,86,0,3.49,clear sky,0.0,0.0
523,portland,US,45.5234,-122.6762,56.05,87,0,1.01,clear sky,0.0,0.0
524,sergeyevka,KZ,53.88,67.4158,75.83,53,28,7.18,scattered clouds,0.0,0.0
525,kautokeino,NO,69.0125,23.0412,51.62,87,100,9.91,overcast clouds,0.0,0.0
526,saint-denis,FR,48.9167,2.3333,97.23,21,0,6.91,clear sky,0.0,0.0
527,baijiantan,CN,45.6333,85.1833,94.59,17,82,28.81,broken clouds,0.0,0.0
528,mbini,GQ,1.574,9.6134,80.55,64,84,10.2,broken clouds,0.0,0.0
529,gotsu,JP,35.0,132.2167,73.42,91,100,7.85,moderate rain,3.65,0.0
530,champerico,GT,14.3,-91.9167,76.59,85,27,6.91,scattered clouds,0.0,0.0
531,turukhansk,RU,65.8167,87.9833,64.9,54,100,9.08,overcast clouds,0.0,0.0
532,krasnyy profintern,RU,57.7446,40.435,68.02,52,100,11.05,overcast clouds,0.0,0.0
533,kewanee,US,41.2456,-89.9248,68.49,96,0,4.83,clear sky,0.0,0.0
534,leh,IN,34.1667,77.5833,74.39,24,74,7.2,broken clouds,0.0,0.0
535,lingao,CN,19.9103,109.6859,85.3,82,100,3.49,overcast clouds,0.0,0.0
536,seoul,KR,37.5683,126.9778,80.2,76,75,6.91,broken clouds,0.0,0.0
537,alpena,US,45.0617,-83.4327,66.11,92,0,5.01,clear sky,0.0,0.0
538,sibolga,ID,1.7427,98.7792,79.03,85,18,1.63,few clouds,0.0,0.0
539,santa cruz,BO,-17.8,-63.1667,55.45,82,75,3.44,broken clouds,0.0,0.0
540,manbij,SY,36.5281,37.9549,103.59,14,0,11.05,clear sky,0.0,0.0
541,shetpe,KZ,44.1667,52.1167,109.47,9,0,10.76,clear sky,0.0,0.0
542,malyye derbety,RU,47.9547,44.6808,81.57,49,97,15.32,light rain,0.16,0.0
543,bonavista,CA,48.6499,-53.1147,62.8,74,26,16.26,scattered clouds,0.0,0.0
544,burla,IN,21.5,83.8667,83.14,79,83,10.31,broken clouds,0.0,0.0
545,salamanca,ES,40.8333,-6.0,95.63,18,49,20.29,scattered clouds,0.0,0.0
546,poronaysk,RU,49.2167,143.1167,52.99,97,100,8.7,overcast clouds,0.0,0.0
547,maldonado,UY,-34.6667,-54.9167,45.79,77,36,11.72,scattered clouds,0.0,0.0
548,tateyama,JP,34.9833,139.8667,81.1,86,93,19.55,overcast clouds,0.0,0.0
549,mehran,IR,33.1222,46.1646,117.5,6,0,12.71,clear sky,0.0,0.0
550,erie,US,42.7667,-78.6664,69.24,93,100,3.0,heavy intensity rain,11.53,0.0
551,codrington,AU,-38.2667,141.9667,48.02,68,64,7.07,broken clouds,0.0,0.0
552,talnakh,RU,69.4865,88.3972,67.21,42,99,6.26,overcast clouds,0.0,0.0
553,partyzany,UA,46.3314,34.7503,80.83,24,1,13.02,clear sky,0.0,0.0
554,pasighat,IN,28.0667,95.3333,78.35,98,96,3.51,overcast clouds,0.0,0.0
555,san rafael,AR,-34.6177,-68.3301,37.45,60,7,3.4,clear sky,0.0,0.0
556,huilong,CN,31.8111,121.655,82.92,93,42,10.09,scattered clouds,0.0,0.0
557,quatre cocos,MU,-20.2078,57.7625,71.71,62,96,23.47,overcast clouds,0.0,0.0
558,jablah,SY,35.3614,35.9256,88.09,58,0,6.91,clear sky,0.0,0.0
559,doume,CM,4.2333,13.45,75.27,75,100,2.86,overcast clouds,0.0,0.0
560,inuvik,CA,68.3499,-133.7218,63.36,75,100,4.61,light intensity shower rain,0.0,0.0
561,aswan,EG,24.0934,32.907,103.3,13,0,4.61,clear sky,0.0,0.0
562,huarmey,PE,-10.0681,-78.1522,61.07,87,63,5.73,broken clouds,0.0,0.0
563,beringovskiy,RU,63.05,179.3167,46.54,66,64,11.97,broken clouds,0.0,0.0
564,conde,BR,-7.2597,-34.9075,72.86,94,75,5.75,broken clouds,0.0,0.0
565,carutapera,BR,-1.195,-46.02,82.47,70,19,9.51,few clouds,0.0,0.0
566,bandarbeyla,SO,9.4942,50.8122,89.83,45,83,30.65,broken clouds,0.0,0.0
567,laredo,US,27.5064,-99.5075,79.09,83,0,9.22,clear sky,0.0,0.0
568,ilinskiy,RU,55.619,38.1182,70.18,52,20,6.71,few clouds,0.0,0.0
569,mehamn,NO,71.0357,27.8492,58.95,82,20,6.91,few clouds,0.0,0.0
570,khasan,RU,42.4308,130.6434,64.02,97,100,4.79,overcast clouds,0.0,0.0
571,coracora,PE,-15.0333,-73.7833,45.99,65,53,5.61,broken clouds,0.0,0.0
572,iisaku,EE,59.1014,27.3081,64.15,49,93,6.2,overcast clouds,0.0,0.0
573,dingle,PH,10.9995,122.6711,76.05,93,100,2.57,overcast clouds,0.0,0.0
574,ciudad del maiz,MX,22.4,-99.6,60.75,95,45,2.15,scattered clouds,0.0,0.0
575,lillesand,NO,58.2488,8.3778,74.34,73,20,11.5,few clouds,0.0,0.0
576,bhusawal,IN,21.05,75.7667,75.16,94,100,15.99,overcast clouds,0.0,0.0
577,mathathane,BW,-22.2687,28.7495,71.89,38,2,9.55,clear sky,0.0,0.0
